<?xml version="1.0" encoding="UTF-8"?>
<hostgateway>
    <header>
        <hostHeaderTemplete value="defaultHeader"/>
    </header>
    <body>
        <application id="default">
            <allLineVariable>
                <var id="OUTPUT_CODE" source="self" startByte="1" endByte="2"/>
            </allLineVariable>
            <linePlus varId="OUTPUT_CODE" type="in" value="00,30,70">
                <condition varId="OUTPUT_CODE" type="OC" value="default">
                </condition>
            </linePlus>
            <line type="ALL">
                <variable>
                    <var id="OUTPUT_CODE" source="self" startByte="1" endByte="2"/>
                </variable>
                <condition varId="OUTPUT_CODE" type="=" value="03">
                    <singleCut>
                        <contentData id="outputCode">
                            <fixLenFmt len="2" char=" " align="left"/>
                        </contentData>
                        <contentData id="SACCTNO">
                            <fixLenFmt len="17" char=" " align="left"/>
                        </contentData>
                        <contentData id="CUSTNO">
                            <fixLenFmt len="17" char=" " align="left"/>
                        </contentData>
                        <contentData id="CUST_ID_NO">
                            <fixLenFmt len="14" char=" " align="left"/>
                        </contentData>
                        <contentData id="IDTYPE">
                            <fixLenFmt len="2" char=" " align="left"/>
                        </contentData>
                        <contentData id="ACCNAME">
                            <fixLenFmt len="60" char=" " align="left"/>
                        </contentData>
                        <contentData id="ADDRESS1">
                            <fixLenFmt len="40" char=" " align="left"/>
                        </contentData>
                        <contentData id="ADDRESS2">
                            <fixLenFmt len="40" char=" " align="left"/>
                        </contentData>
                        <contentData id="FIELD1">
                            <fixLenFmt len="1" char=" " align="left"/>
                        </contentData>
                        <contentData id="ADDRESS3">
                            <fixLenFmt len="40" char=" " align="left"/>
                        </contentData>
                        <contentData id="CURRENC3">
                            <fixLenFmt len="3" char=" " align="left"/>
                        </contentData>
                        <contentData id="ADDRESS4">
                            <fixLenFmt len="40" char=" " align="left"/>
                        </contentData>
                        <contentData id="POSTCODE">
                            <fixLenFmt len="8" char=" " align="left"/>
                        </contentData>
                        <contentData id="ACCTTYPE">
                            <fixLenFmt len="4" char=" " align="left"/>
                        </contentData>
                        <contentData id="INTCAT">
                            <fixLenFmt len="4" char=" " align="left"/>
                        </contentData>
                        <contentData id="LEGALENT">
                            <fixLenFmt len="2" char=" " align="left"/>
                        </contentData>
                        <contentData id="SPACE1">
                            <fixLenFmt len="1" char=" " align="left"/>
                        </contentData>
                        <contentData id="INTPAYMETHOD">
                            <fixLenFmt len="1" char=" " align="left"/>
                        </contentData>
                        <contentData id="SPACE2">
                            <fixLenFmt len="3" char=" " align="left"/>
                        </contentData>
                        <contentData id="TFRACCTNO">
                            <fixLenFmt len="17" char=" " align="left"/>
                        </contentData>
                        <contentData id="CHEXPRO">
                            <fixLenFmt len="4" char=" " align="left"/>
                        </contentData>
                        <contentData id="LANGCODE">
                            <fixLenFmt len="2" char=" " align="left"/>
                        </contentData>
                        <contentData id="FREQ">
                            <fixLenFmt len="1" char=" " align="left"/>
                        </contentData>
                        <contentData id="SPACE3">
                            <fixLenFmt len="1" char=" " align="left"/>
                        </contentData>
                        <contentData id="STDAIND">
                            <fixLenFmt len="1" char=" " align="left"/>
                        </contentData>
                        <contentData id="MAILIND">
                            <fixLenFmt len="1" char=" " align="left"/>
                        </contentData>
                        <contentData id="NOTIND">
                            <fixLenFmt len="1" char=" " align="left"/>
                        </contentData>
                        <contentData id="NOTCUST">
                            <fixLenFmt len="17" char=" " align="left"/>
                        </contentData>
                        <contentData id="VAINRATE">
                            <fixLenFmt len="6" char=" " align="left"/>
                        </contentData>
                        <contentData id="SPACE4">
                            <fixLenFmt len="2" char=" " align="left"/>
                        </contentData>
                        <contentData id="INTFREQ">
                            <fixLenFmt len="3" char=" " align="left"/>
                        </contentData>
                        <contentData id="CYCLE">
                            <fixLenFmt len="2" char=" " align="left"/>
                        </contentData>
                        <contentData id="DAY">
                            <fixLenFmt len="2" char=" " align="left"/>
                        </contentData>
                        <contentData id="AGENTCD">
                            <fixLenFmt len="4" char=" " align="left"/>
                        </contentData>
                        <contentData id="INVTYPE">
                            <fixLenFmt len="4" char=" " align="left"/>
                        </contentData>
                        <contentData id="DISTRICT">
                            <fixLenFmt len="4" char=" " align="left"/>
                        </contentData>
                        <contentData id="SEGMENT_CODE">
                            <fixLenFmt len="1" char=" " align="left"/>
                        </contentData>
                        <contentData id="SPACE5">
                            <fixLenFmt len="1" char=" " align="left"/>
                        </contentData>
                        <contentData id="BUSSINESS_TYPE">
                            <fixLenFmt len="3" char=" " align="left"/>
                        </contentData>
                        <contentData id="SPACE6">
                            <fixLenFmt len="2" char=" " align="left"/>
                        </contentData>
                        <contentData id="GROUPIND">
                            <fixLenFmt len="1" char=" " align="left"/>
                        </contentData>
                        <contentData id="FACNO">
                            <fixLenFmt len="17" char=" " align="left"/>
                        </contentData>
                        <contentData id="APPLID">
                            <fixLenFmt len="2" char=" " align="left"/>
                        </contentData>
                        <contentData id="SPACE7">
                            <fixLenFmt len="15" char=" " align="left"/>
                        </contentData>
                        <contentData id="VISAFLAG">
                            <fixLenFmt len="1" char=" " align="left"/>
                        </contentData>
                        <contentData id="VISECODE">
                            <fixLenFmt len="5" char=" " align="left"/>
                        </contentData>
                        <contentData id="VICRLIM">
                            <fixLenFmt len="15" char=" " align="left"/>
                        </contentData>
                        <contentData id="SPACE8">
                            <fixLenFmt len="17" char=" " align="left"/>
                        </contentData>
                        <contentData id="TERMLENGTH">
                            <fixLenFmt len="4" char=" " align="left"/>
                        </contentData>
                        <contentData id="FREQUENCY_CODE">
                            <fixLenFmt len="1" char=" " align="left"/>
                        </contentData>
                        <contentData id="TERMVAL">
                            <fixLenFmt len="15" char=" " align="left"/>
                        </contentData>
                        <contentData id="SPACE9">
                            <fixLenFmt len="8" char=" " align="left"/>
                        </contentData>
                        <contentData id="TIGRID">
                            <fixLenFmt len="4" char=" " align="left"/>
                        </contentData>
                        <contentData id="CURIDORI">
                            <fixLenFmt len="2" char=" " align="left"/>
                        </contentData>
                        <contentData id="CUSTRISK">
                            <fixLenFmt len="2" char=" " align="left"/>
                        </contentData>
                        <contentData id="ARCBRISK">
                            <fixLenFmt len="2" char=" " align="left"/>
                        </contentData>
                        <contentData id="SECIND">
                            <fixLenFmt len="1" char=" " align="left"/>
                        </contentData>
                        <contentData id="TIMEBAND">
                            <fixLenFmt len="2" char=" " align="left"/>
                        </contentData>
                        <contentData id="BANKID">
                            <fixLenFmt len="12" char=" " align="left"/>
                        </contentData>
                        <contentData id="SPACE10">
                            <fixLenFmt len="25" char=" " align="left"/>
                        </contentData>
                        <contentData id="OPENDATE">
                            <fixLenFmt len="8" char=" " align="left"/>
                        </contentData>
                        <contentData id="COPIES">
                            <fixLenFmt len="2" char=" " align="left"/>
                        </contentData>
                        <contentData id="FILLER5">
                            <fixLenFmt len="1" char=" " align="left"/>
                        </contentData>
                        <contentData id="ACEXIND">
                            <fixLenFmt len="1" char=" " align="left"/>
                        </contentData>
                        <contentData id="MATRATE">
                            <fixLenFmt len="8" char=" " align="left"/>
                        </contentData>
                        <contentData id="FILLER6">
                            <fixLenFmt len="1" char=" " align="left"/>
                        </contentData>
                        <contentData id="CERTIFICATENO">
                            <fixLenFmt len="7" char=" " align="left"/>
                        </contentData>
                        <contentData id="RATE_TYPE">
                            <fixLenFmt len="1" char=" " align="left"/>
                        </contentData>
                        <contentData id="STAMP_TAX_FLAG">
                            <fixLenFmt len="1" char=" " align="left"/>
                        </contentData>
                        <contentData id="RATEINCR">
                            <fixLenFmt len="8" char=" " align="left"/>
                        </contentData>
                        <contentData id="REFERRAL">
                            <fixLenFmt len="6" char=" " align="left"/>
                        </contentData>
                        <contentData id="SPACE11">
                            <fixLenFmt len="21" char=" " align="left"/>
                        </contentData>
                        <contentData id="GLCC">
                            <fixLenFmt len="60" char=" " align="left"/>
                        </contentData>
                        <contentData id="SECURITYNO">
                            <fixLenFmt len="4" char=" " align="left"/>
                        </contentData>
                        <contentData id="EMPNO">
                            <fixLenFmt len="6" char=" " align="left"/>
                        </contentData>
                        <contentData id="OMNIBUS">
                            <fixLenFmt len="1" char=" " align="left"/>
                        </contentData>
                        <contentData id="PROMCODE">
                            <fixLenFmt len="2" char=" " align="left"/>
                        </contentData>
                        <contentData id="SPACE12">
                            <fixLenFmt len="11" char=" " align="left"/>
                        </contentData>
                        <contentData id="INVESTCODE">
                            <fixLenFmt len="8" char=" " align="left"/>
                        </contentData>
                        <contentData id="OMNIBUSACCT">
                            <fixLenFmt len="17" char=" " align="left"/>
                        </contentData>
                        <contentData id="TLR_FLAG">
                            <fixLenFmt len="1" char=" " align="left"/>
                        </contentData>
                        <contentData id="RT_LIMIT">
                            <fixLenFmt len="18" char=" " align="left"/>
                        </contentData>
                        <contentData id="INVESTTYPE">
                            <fixLenFmt len="3" char=" " align="left"/>
                        </contentData>
                        <!--信託產品註記-->
                        <contentData id="TRUST_PROD_MEMO">
                            <fixLenFmt len="2" char=" " align="left"/>
                        </contentData>
                        <!--ver 2010/12 add by Iris Tsai -->
                        <!--發行批號-->
                        <contentData id="PUBLISH_NO">
                            <fixLenFmt len="12" char=" " align="left"/>
                        </contentData>
                        <!--首買票券商代號-->
                        <contentData id="BILLS_NO">
                            <fixLenFmt len="8" char=" " align="left"/>
                        </contentData>
                        <!--add 投資組合代碼，ver 2011/12 add by Iris Tsai-->
                        <contentData id="PORTFOLIO_NO">
                            <fixLenFmt len="3" char=" " align="left"/>
                        </contentData>
                        <!--add 開戶目的,ver 2016/01 add by Allie-->
                        <contentData id="OPEN_PURPOSE">
                            <fixLenFmt len="2" char=" " align="left"/>
                        </contentData>
                        <!--add NCD記名註記,ver 2016/01 add by Allie-->
                        <contentData id="NCD_REGISTERED">
                            <fixLenFmt len="1" char=" " align="left"/>
                        </contentData>
                        <!--add 個/法人註記,ver 2016/01 add by Allie-->
                        <contentData id="PERSON_FLAG">
                            <fixLenFmt len="1" char=" " align="left"/>
                        </contentData>
                        <!-- 定存到期處理方式 -->
                        <contentData id="AUTO_ROLL">
                            <fixLenFmt len="1" char=" " align="left"/>
                        </contentData>
						<!--每月預計存入次數-->
                        <contentData id="MNTHY_ESTI_DEP_CNT">
                            <fixLenFmt len="3" char=" " align="left"/>
                        </contentData>
                        <!--每月預計存入等值新臺幣金額-->
                        <contentData id="MNTHY_ESTI_DEP_AMT_TWD">
                            <fixLenFmt len="13" char="0" align="right"/>
                        </contentData>
                        <!--每月預計存入等值美元金額-->
                        <contentData id="MNTHY_ESTI_DEP_AMT_USD">
                            <fixLenFmt len="13" char="0" align="right"/>
                        </contentData>
                        <!--每月預計提領次數  -->
                        <contentData id="MNTHY_ESTI_WDL_CNT">
                            <fixLenFmt len="3" char=" " align="left"/>
                        </contentData>
                        <!--每月預計提領等值新臺幣金額-->
                        <contentData id="MNTHY_ESTI_WDL_AMT_TWD">
                            <fixLenFmt len="13" char="0" align="right"/>
                        </contentData>
                        <!--每月預計提領等值美元金額-->
                        <contentData id="MNTHY_ESTI_WDL_AMT_USD">
                            <fixLenFmt len="13" char="0" align="right"/>
                        </contentData>
						<!--本人使用 -->
                        <contentData id="I_USE_FLAG">
                            <fixLenFmt len="1" char=" " align="left"/>
                        </contentData>						
                    </singleCut>
                </condition>
                <condition varId="OUTPUT_CODE" type="OC" value="default">
                </condition>
                <condition varId="OUTPUT_CODE" type="!=" value="03">
                    <singleCut>
                        <contentData id="outputCode">
                            <fixLenFmt len="2" char=" " align="left"/>
                        </contentData>
                        <contentData id="MSG">
                            <fixLenFmt len="981" char=" " align="left"/>
                        </contentData>
                    </singleCut>
                </condition>
            </line>
        </application>
    </body>
</hostgateway>
