<?xml version="1.0" encoding="UTF-8"?>
<hostgateway>
	<header>
		<hostHeaderTemplete value="defaultHeader" />
	</header>
	<body>
		<application id="default">
			<allLineVariable>
				<var id="OUTPUT_CODE" source="self" startByte="1" endByte="2" />
			</allLineVariable>
			<linePlus varId="OUTPUT_CODE" type="=" value="00,30,70">
				<condition varId="OUTPUT_CODE" type="OC" value="default" />
			</linePlus>
			<line type="ALL">
				<variable>
					<var id="OUTPUT_CODE" source="self" startByte="1" endByte="2" />
				</variable>
				<condition varId="OUTPUT_CODE" type="=" value="03">
					<singleCut>
						<contentData id="outputCode">
							<fixLenFmt len="2" char=" " align="left" />
						</contentData>
            			<contentData id ="CIF_NO">
            				<fixLenFmt len="17" char=" " align="left" />
            			</contentData>
            			<contentData id ="CUST_ID_NO">
            				<fixLenFmt len="14" char=" " align="left" />
            			</contentData>
            			<contentData id ="CUST_ID_TYP">
            				<fixLenFmt len="2" char=" " align="left" />
            			</contentData>
            			<contentData id ="CUSTOMER_NAME">
            				<fixLenFmt len="60" char=" " align="left" />
            			</contentData>
            			<contentData id ="DAYTEL_NO">
            				<fixLenFmt len="12" char=" " align="left" />
            			</contentData>
            			<contentData id ="DAYTEL_TXT">
            				<fixLenFmt len="6" char=" " align="left" />
            			</contentData>
            			<contentData id ="DAYTEL_ERR_DATE">
            				<fixLenFmt len="8" char=" " align="left" />
            			</contentData>
            			<contentData id ="NIGTEL_NO">
            				<fixLenFmt len="12" char=" " align="left" />
            			</contentData>
            			<contentData id ="NIGTEL_EXT">
            				<fixLenFmt len="6" char=" " align="left" />
            			</contentData>
            			<contentData id ="NIGTEL_ERR_DATE">
            				<fixLenFmt len="8" char=" " align="left" />
            			</contentData>
            			<contentData id ="MOBIL_NO">
            				<fixLenFmt len="12" char=" " align="left" />
            			</contentData>
            			<contentData id ="MOBIL_NO_EXT">
            				<fixLenFmt len="6" char=" " align="left" />
            			</contentData>
            			<contentData id ="MOBIL_ERR_DATE">
            				<fixLenFmt len="8" char=" " align="left" />
            			</contentData>
            			<contentData id ="POST_CODE">
            				<fixLenFmt len="8" char=" " align="left" />
            			</contentData>
            			<contentData id ="ADDR_ERR_DATE">
            				<fixLenFmt len="8" char=" " align="left" />
            			</contentData>
            			<contentData id ="COMM_ADDR1">
            				<fixLenFmt len="40" char=" " align="left" />
            			</contentData>
            			<contentData id ="COMM_ADDR2">
            				<fixLenFmt len="40" char=" " align="left" />
            			</contentData>
            			<contentData id ="COMM_ADDR3">
            				<fixLenFmt len="40" char=" " align="left" />
            			</contentData>
            			<contentData id ="COMM_ADDR4">
            				<fixLenFmt len="40" char=" " align="left" />
            			</contentData>
            			<contentData id ="ZIP_CODE">
            				<fixLenFmt len="8" char=" " align="left" />
            			</contentData>
            			<contentData id ="ERR_DAT">
            				<fixLenFmt len="8" char=" " align="left" />
            			</contentData>
            			<contentData id ="CUST_ADD1">
            				<fixLenFmt len="40" char=" " align="left" />
            			</contentData>
            			<contentData id ="CUST_ADD2">
            				<fixLenFmt len="40" char=" " align="left" />
            			</contentData>
            			<contentData id ="CUST_ADD3">
            				<fixLenFmt len="40" char=" " align="left" />
            			</contentData>
            			<contentData id ="CUST_ADD4">
            				<fixLenFmt len="40" char=" " align="left" />
            			</contentData>
            			<contentData id ="EMAIL_ERR_DATE">
            				<fixLenFmt len="8" char=" " align="left" />
            			</contentData>
            			<contentData id ="EMAIL_ADDR">
            				<fixLenFmt len="60" char=" " align="left" />
            			</contentData>
            			<contentData id ="PAGER_NO">
            				<fixLenFmt len="12" char=" " align="left" />
            			</contentData>
            			<contentData id ="PAGER_NO_EXT">
            				<fixLenFmt len="6" char=" " align="left" />
            			</contentData>
            			<contentData id ="PAGER_ERR_DATE">
            				<fixLenFmt len="8" char=" " align="left" />
            			</contentData>
            			<contentData id ="OTHER_PERSON">
            				<fixLenFmt len="1" char=" " align="left" />
            			</contentData>
            			<contentData id ="MAIL_IND">
            				<fixLenFmt len="1" char=" " align="left" />
            			</contentData>
            			<contentData id ="FILLER5">
            				<fixLenFmt len="2" char=" " align="left" />
            			</contentData>            			
            			<contentData id ="DAYTEL_UPD_STS">
            				<fixLenFmt len="2" char=" " align="left" />
            			</contentData>
            			<contentData id ="NIGTEL_UPD_STS">
            				<fixLenFmt len="2" char=" " align="left" />
            			</contentData>
            			<contentData id ="MOBIL_UPD_STS">
            				<fixLenFmt len="2" char=" " align="left" />
            			</contentData>
            			<contentData id ="COMM_ADDR_UPD_STS">
            				<fixLenFmt len="2" char=" " align="left" />
            			</contentData>
            			<contentData id ="CUST_ADDR_UPD_STS">
            				<fixLenFmt len="2" char=" " align="left" />
            			</contentData>
            			<contentData id ="EMAIL_UPD_STS">
            				<fixLenFmt len="2" char=" " align="left" />
            			</contentData>
            			<contentData id ="PAGER_UPD_STS">
            				<fixLenFmt len="2" char=" " align="left" />
            			</contentData>
            			<contentData id ="REGTEL_NO">
            				<fixLenFmt len="12" char=" " align="left" />
            			</contentData>
            			<contentData id ="REGTEL_NO_EXT">
            				<fixLenFmt len="6" char=" " align="left" />
            			</contentData>
            			<contentData id ="REGTEL_UPD_STS">
            				<fixLenFmt len="2" char=" " align="left" />
            			</contentData>
            			<contentData id ="REGTEL_UPD_DATE">
            				<fixLenFmt len="8" char=" " align="left" />
            			</contentData>
            			<contentData id ="FUND_CIF">
            				<fixLenFmt len="1" char=" " align="left" />
            			</contentData>
                        <!--資料確認日期  95-03 C.C. Chen -->
			            <contentData id ="CONFIRM_DATA_DATE">
				            <fixLenFmt len="8" char=" " align="left" />
			            </contentData>
			            <!--判斷資料確認日期是否修改的flag 95-03 C.C. Chen -->
			            <contentData id ="CONF_FLAG">
				            <fixLenFmt len="1" char=" " align="left" />
			            </contentData>		
			            <!--出生日期 -->
			            <contentData id ="DATE_OF_BIRTH">
				            <fixLenFmt len="8" char=" " align="left" />
			            </contentData>
			            <!--月結單類型 -->
			            <contentData id ="BILL_TYPE">
				            <fixLenFmt len="1" char="#" align="left" />
			            </contentData>
			            <!--ID-姓名狀況碼 -->
			            <contentData id ="ID_UPD_STS">
				            <fixLenFmt len="2" char=" " align="left" />
			            </contentData>
			            <!--ID-姓名維護日期 -->
			            <contentData id ="ID_UPD_DATE">
				            <fixLenFmt len="8" char=" " align="left" />
			            </contentData>
			            <!--CUSTOMER-TYPE -->
			            <contentData id ="CUSTOMER_TYPE">
				            <fixLenFmt len="2" char=" " align="left" />
			            </contentData>
			            <!--基金保密戶 97-12 Tammy -->
						<contentData id ="FUND">
							<fixLenFmt len="1" char=" " align="left" />
						</contentData>
						<!--錄音編號 97-12 Tammy -->
						<contentData id ="AUDIO_CODE">
							<fixLenFmt len="5" char="0" align="right" />
						</contentData>
						<!--客戶等級 97-12 Tammy -->
						<contentData id ="VIP_DEGREE">
							<fixLenFmt len="2" char=" " align="left" />
						</contentData>
						<!--管理區分 97-12 Tammy -->
						<contentData id ="SEGMENT_CODE">
							<fixLenFmt len="1" char=" " align="left" />
						</contentData>
						<!--UCODE 97-12 Tammy -->
						<contentData id ="UCODE">
							<fixLenFmt len="1" char=" " align="left" />
						</contentData>		     
						<!-- 通訊地國家,104.12.11,add by Allie Ho-->
						<contentData id="COMM_NAT_CODE">
							<fixLenFmt len="2" char=" " align="left" />  
						</contentData>
						<!-- 戶籍地國家,104.12.11,add by Allie Ho-->
						<contentData id="REG_NAT_CODE">
							<fixLenFmt len="2" char=" " align="left" />  
						</contentData>
						<!-- 註冊國之州別,add by Duke Tsai-->
						<contentData id="AML_REGISTRATION_NATION">
							<fixLenFmt len="2" char=" " align="left" />  
						</contentData>	            			            
					</singleCut>
				</condition>
				<condition varId="OUTPUT_CODE" type="OC" value="default"/>
				<condition varId="OUTPUT_CODE" type="!=" value="03">
					<singleCut>
						<contentData id="outputCode">
							<fixLenFmt len="2" char=" " align="left" />
						</contentData>
						<contentData id="MSG">
							<fixLenFmt len="981" char=" " align="left" />
						</contentData>
					</singleCut>
				</condition>
			</line>
		</application>
	</body>
</hostgateway>
