<?xml version="1.0" encoding="UTF-8"?>
<hostgateway>
    <header>
        <hostHeaderTemplete value="defaultHeader"/>
    </header>
    <body>
        <application id="default">
            <allLineVariable>
                <var id="OUTPUT_CODE" source="self" startByte="1" endByte="2"/>
            </allLineVariable>
            <linePlus varId="OUTPUT_CODE" type="in" value="00,30,70">
                <condition varId="OUTPUT_CODE" type="OC" value="default"/>
            </linePlus>
            <line type="ALL">
                <variable>
                    <var id="OUTPUT_CODE" source="self" startByte="1" endByte="2"/>
                </variable>
                <condition varId="OUTPUT_CODE" type="=" value="03">
                    <singleCut>
                        <contentData id="outputCode">
                            <fixLenFmt len="2" char=" " align="left"/>
                        </contentData>
                        <!--身分證-->
                        <contentData id="ID">
                            <fixLenFmt len="14" char=" " align="left"/>
                        </contentData>
                        <!--姓名-->
                        <contentData id="NAME">
                            <fixLenFmt len="30" char=" " align="left"/>
                        </contentData>
            			<!--生日-->
                        <contentData id="BIRTH_DATE">
                            <fixLenFmt len="8" char=" " align="left"/>
                        </contentData>
                        <!-- 客戶申辦業務 -->
                        <contentData id="KIND_A">
                            <fixLenFmt len="1" char=" " align="left"/>
                        </contentData>
						<!-- 客戶申辦業務 -->
                        <contentData id="KIND_B">
                            <fixLenFmt len="1" char=" " align="left"/>
                        </contentData>
						<!-- 客戶申辦業務 -->
                        <contentData id="KIND_C">
                            <fixLenFmt len="1" char=" " align="left"/>
                        </contentData>
            			<!--文件簽署狀態-->
                        <contentData id="DOCU_STATUS">
                            <fixLenFmt len="2" char=" " align="left"/>
                        </contentData>
            			<!--已簽署日期-->
                        <contentData id="INFORM_DT">
                            <fixLenFmt len="8" char=" " align="left"/>
                        </contentData>
            			<!--未簽署日期-->
                        <contentData id="RECEIVE_DT">
                            <fixLenFmt len="8" char=" " align="left"/>
                        </contentData>
            			<!--不合作日期-->
                        <contentData id="RECALCITRANT_DT">
                            <fixLenFmt len="8" char=" " align="left"/>
                        </contentData>
            			<!--留存行別-->
                        <contentData id="DOCU_BRCH">
                            <fixLenFmt len="4" char=" " align="left"/>
                        </contentData>
            			<!--文件易動櫃員-->
                        <contentData id="FATCA_TELLER">
                            <fixLenFmt len="8" char=" " align="left"/>
                        </contentData>
            			<!--文件類別-->
                        <contentData id="FATCA_DOCU">
                            <fixLenFmt len="2" char=" " align="left"/>
                        </contentData>
            			<!--文件內容-->
                        <contentData id="FATCA_DOCU_KIND">
                            <fixLenFmt len="1" char=" " align="left"/>
                        </contentData>
            			<!--身分-->
                        <contentData id="FATCA_IDENTITY">
                            <fixLenFmt len="2" char=" " align="left"/>
                        </contentData>
            			<!--稅籍編號-->
                        <contentData id="TAX_NO">
                            <fixLenFmt len="9" char=" " align="left"/>
                        </contentData>
            			<!--英文姓名1-->
                        <contentData id="NAME1">
                            <fixLenFmt len="80" char=" " align="left"/>
                        </contentData>
            			<!--英文地址1-->
                        <contentData id="STREET1">
                            <fixLenFmt len="40" char=" " align="left"/>
                        </contentData>
            			<!--英文地址2-->
                        <contentData id="STREET2">
                            <fixLenFmt len="40" char=" " align="left"/>
                        </contentData>
			            <!--英文地址-->
                        <contentData id="CITY">
                            <fixLenFmt len="40" char=" " align="left"/>
                        </contentData>
            			<!--英文地址-->
                        <contentData id="STATE">
                            <fixLenFmt len="40" char=" " align="left"/>
                        </contentData>
            			<!--英文地址-->
                        <contentData id="COUNTRY">
                            <fixLenFmt len="40" char=" " align="left"/>
                        </contentData>
            			<!--郵遞區號-->
                        <contentData id="POSTCODE">
                            <fixLenFmt len="9" char=" " align="left"/>
                        </contentData>
            			<!--GIIN-->
                        <contentData id="GIIN">
                            <fixLenFmt len="19" char=" " align="left"/>
                        </contentData>
            			<!--EIN-->
                        <contentData id="EIN">
                            <fixLenFmt len="9" char=" " align="left"/>
                        </contentData>
            			<!--不合作類型-->
                        <contentData id="RECALCITRANT_TYPE">
                            <fixLenFmt len="2" char=" " align="left"/>
                        </contentData>
            			<!--資料來源系統-->
                        <contentData id="FATCA_SOURCE">
                            <fixLenFmt len="10" char=" " align="left"/>
                        </contentData>
            			<!--客戶編號-->
                        <contentData id="CUST_NO">
                            <fixLenFmt len="16" char=" " align="left"/>
                        </contentData>
	            		<!--文件來源-->
                        <contentData id="SOURC_ETYPE">
                            <fixLenFmt len="2" char=" " align="left"/>
                        </contentData>
	            		<!--W系列文件-->
                        <contentData id="W_TYPE">
                            <fixLenFmt len="2" char=" " align="left"/>
                        </contentData>
	            		<!--豁免申報FATCA代碼-->
                        <contentData id="EXEMPTION_CODE">
                            <fixLenFmt len="1" char=" " align="left"/>
                        </contentData>
	            		<!--space執行,D刪除,Q歷史查詢-->
                        <contentData id="ACTION_CODE">
                            <fixLenFmt len="1" char=" " align="left"/>
                        </contentData>
	            		<!--非美國稅籍編號-->
                        <contentData id="TAX_NO_NONUSA">
                            <fixLenFmt len="20" char=" " align="left"/>
                        </contentData>
	            		<!--公司設立國-->
                        <contentData id="TAX_NO_COUNTRY">
                            <fixLenFmt len="2" char=" " align="left"/>
                        </contentData>
            			<!--聲明文件類別-->
                        <contentData id="CRS_DOCU_TYPE">
                            <fixLenFmt len="2" char=" " align="left"/>
                        </contentData>
            			<!--聲明文件簽署日-->
                        <contentData id="CRS_RECEIVE_DT">
                            <fixLenFmt len="8" char=" " align="left"/>
                        </contentData>
            			<!--聲明文件留存行別-->
                        <contentData id="CRS_DOCU_BRCH">
                            <fixLenFmt len="4" char=" " align="left"/>
                        </contentData>
	            		<!--聲明文件文件異動櫃員-->
                        <contentData id="CRS_DOCU_TELLER">
                            <fixLenFmt len="8" char=" " align="left"/>
                        </contentData>
	            		<!--CRS稅務居民-->
                        <contentData id="TAX_RESIDENT">
                            <fixLenFmt len="1" char=" " align="left"/>
                        </contentData>
	            		<!--國家/地區1-->
                        <contentData id="COUNTRY1">
                            <fixLenFmt len="2" char=" " align="left"/>
                        </contentData>
	            		<!--TIN1-->
                        <contentData id="TIN1">
                            <fixLenFmt len="20" char=" " align="left"/>
                        </contentData>
	            		<!--無TIN原因1-->
                        <contentData id="NO_TIN_REASON1">
                            <fixLenFmt len="1" char=" " align="left"/>
                        </contentData>
            			<!--身分狀態1-->
                        <contentData id="ID_TYPE1">
                            <fixLenFmt len="1" char=" " align="left"/>
                        </contentData>
	            		<!--國家/地區2-->
                        <contentData id="COUNTRY2">
                            <fixLenFmt len="2" char=" " align="left"/>
                        </contentData>
	            		<!--TIN2-->
                        <contentData id="TIN2">
                            <fixLenFmt len="20" char=" " align="left"/>
                        </contentData>
	            		<!--無TIN原因2-->
                        <contentData id="NO_TIN_REASON2">
                            <fixLenFmt len="1" char=" " align="left"/>
                        </contentData>
	            		<!--身分狀態2-->
                        <contentData id="ID_TYPE2">
                            <fixLenFmt len="1" char=" " align="left"/>
                        </contentData>
	            		<!--國家/地區3-->
                        <contentData id="COUNTRY3">
                            <fixLenFmt len="2" char=" " align="left"/>
                        </contentData>
	            		<!--TIN3-->
                        <contentData id="TIN3">
                            <fixLenFmt len="20" char=" " align="left"/>
                        </contentData>
	            		<!--無TIN原因3-->
                        <contentData id="NO_TIN_REASON3">
                            <fixLenFmt len="1" char=" " align="left"/>
                        </contentData>
	            		<!--身分狀態3-->
                        <contentData id="ID_TYPE3">
                            <fixLenFmt len="1" char=" " align="left"/>
                        </contentData>
            			<!--國家/地區4-->
                        <contentData id="COUNTRY4">
                            <fixLenFmt len="2" char=" " align="left"/>
                        </contentData>
	            		<!--TIN4-->
                        <contentData id="TIN4">
                            <fixLenFmt len="20" char=" " align="left"/>
                        </contentData>
	            		<!--無TIN原因4-->
                        <contentData id="NO_TIN_REASON4">
                            <fixLenFmt len="1" char=" " align="left"/>
                        </contentData>
	            		<!--身分狀態4-->
                        <contentData id="ID_TYPE4">
                            <fixLenFmt len="1" char=" " align="left"/>
                        </contentData>
	            		<!--國家/地區5-->
                        <contentData id="COUNTRY5">
                            <fixLenFmt len="2" char=" " align="left"/>
                        </contentData>
	            		<!--TIN5-->
                        <contentData id="TIN5">
                            <fixLenFmt len="20" char=" " align="left"/>
                        </contentData>
            			<!--無TIN原因5-->
                        <contentData id="NO_TIN_REASON5">
                            <fixLenFmt len="1" char=" " align="left"/>
                        </contentData>
	            		<!--身分狀態5-->
                        <contentData id="ID_TYPE5">
                            <fixLenFmt len="1" char=" " align="left"/>
                        </contentData>
            			<!--CRS資料來源系統-->
                        <contentData id="CRS_SOURCE">
                            <fixLenFmt len="10" char=" " align="left"/>
                        </contentData>
	            		<!--詢問客戶經理日(個)-->
                        <contentData id="MANAGE_DT">
                            <fixLenFmt len="8" char=" " align="left"/>
                        </contentData>
	            		<!--詢問客戶經理日留存行別(個)-->
                        <contentData id="MANAGE_DOCU_BRCH">
                            <fixLenFmt len="4" char=" " align="left"/>
                        </contentData>
	            		<!--詢問客戶經理日文件異動櫃員(個)-->
                        <contentData id="MANAGE_DOCU_TELLER">
                            <fixLenFmt len="8" char=" " align="left"/>
                        </contentData>
            			<!--已徵提美國棄籍證明書(個)-->
                        <contentData id="ABAND_DOCU">
                            <fixLenFmt len="1" char=" " align="left"/>
                        </contentData>
            			<!--出生國家(個)-->
                        <contentData id="BIRTH_COUNTRY">
                            <fixLenFmt len="2" char=" " align="left"/>
                        </contentData>
            			<!--出生城市(個)-->
                        <contentData id="BIRTH_CITY">
                            <fixLenFmt len="70" char=" " align="left"/>
                        </contentData>
            			<!--通訊英文地址_街名一(法)-->
                        <contentData id="COMM_ADD1">
                            <fixLenFmt len="40" char=" " align="left"/>
                        </contentData>
	            		<!--通訊英文地址_街名二(法)-->
                        <contentData id="COMM_ADD2">
                            <fixLenFmt len="40" char=" " align="left"/>
                        </contentData>
	            		<!--通訊英文地址_城市(法)-->
                        <contentData id="COMM_ADD3">
                            <fixLenFmt len="40" char=" " align="left"/>
                        </contentData>
	            		<!--通訊英文地址_省／洲(法)-->
                        <contentData id="COMM_ADD4">
                            <fixLenFmt len="40" char=" " align="left"/>
                        </contentData>
	            		<!--通訊英文地址_國家(法)-->
                        <contentData id="COMM_ADD5">
                            <fixLenFmt len="40" char=" " align="left"/>
                        </contentData>
	            		<!--通訊英文地址_郵遞區號(法)-->
                        <contentData id="COMM_POSTCODE">
                            <fixLenFmt len="9" char=" " align="left"/>
                        </contentData>
	            		<!--實體類型(法)-->
                        <contentData id="ENTITY_TYPE">
                            <fixLenFmt len="2" char=" " align="left"/>
                        </contentData>
	            		<!--是否有應辦識之控制權人(法)-->
                        <contentData id="IDEN_CONTROLLER">
                            <fixLenFmt len="1" char=" " align="left"/>
                        </contentData>
	            		<!-- 判斷是否為PCMS上送欄位,ver 107.12.14 add by RoryWang -->
                        <contentData id="PCMS_FLAG">
                            <fixLenFmt len="1" char=" " align="left"/>
                        </contentData>
                    </singleCut>
                </condition>
                <condition varId="OUTPUT_CODE" type="OC" value="default"/>
                <condition varId="OUTPUT_CODE" type="!=" value="03">
                    <singleCut>
                        <contentData id="outputCode">
                            <fixLenFmt len="2" char=" " align="left"/>
                        </contentData>
                        <contentData id="MSG">
                            <fixLenFmt len="981" char=" " align="left"/>
                        </contentData>
                    </singleCut>
                </condition>
            </line>
        </application>
    </body>
</hostgateway>
