<?xml version="1.0" encoding="UTF-8"?>
<hostgateway>
    <header>
        <hostHeaderTemplete value="defaultHeader"/>
    </header>
    
    <body>
        <application id="default">
            <allLineVariable>
                <var id="OUTPUT_CODE" source="self" startByte="1" endByte="2"/>
            </allLineVariable>
            <linePlus varId="OUTPUT_CODE" type="in" value="00,30,70">
                <condition varId="OUTPUT_CODE" type="OC" value="default">
                </condition>
            </linePlus>
            <line type="ALL">
                <variable>
                    <var id="OUTPUT_CODE" source="self" startByte="1" endByte="2"/>
                </variable>
                <condition varId="OUTPUT_CODE" type="=" value="03">
                    <singleCut>
                        <contentData id="outputCode">
                            <fixLenFmt len="2" char=" " align="left"/>
                        </contentData>
                        <contentData id="OPTION">
                            <fixLenFmt len="1" char=" " align="left"/>
                        </contentData>
                        <contentData id="CUST_ID_NO">
                            <fixLenFmt len="14" char=" " align="left"/>
                        </contentData>
                        <contentData id="ID_TYPE">
                            <fixLenFmt len="2" char=" " align="left"/>
                        </contentData>
                        <contentData id="DOCU_TYPE">
                            <fixLenFmt len="2" char=" " align="left"/>
                        </contentData>
                        <contentData id="AGRE_YEAR">
                            <fixLenFmt len="4" char=" " align="left"/>
                        </contentData>
                        <contentData id="AGRE_MONTH">
                            <fixLenFmt len="2" char=" " align="left"/>
                        </contentData>
                        <contentData id="NAME">
                            <fixLenFmt len="30" char=" " align="left"/>
                        </contentData>
                        <contentData id="PROMO_CODE">
                            <fixLenFmt len="2" char=" " align="left"/>
                        </contentData>
                        <contentData id="REC_BRCH">
                            <fixLenFmt len="4" char=" " align="left"/>
                        </contentData>
                        <contentData id="REC_UID">
                            <fixLenFmt len="8" char=" " align="left"/>
                        </contentData>
                        <contentData id="REC_DATE">
                            <fixLenFmt len="8" char=" " align="left"/>
                        </contentData>
                        <contentData id="CUST_NO">
                            <fixLenFmt len="16" char=" " align="left"/>
                        </contentData>
                        <contentData id="SIGNDATE">
                            <fixLenFmt len="8" char=" " align="left"/>
                        </contentData>
                        <contentData id="BASIC_AGREE">
                            <fixLenFmt len="1" char=" " align="left"/>
                        </contentData>
                        <contentData id="OTHER_AGREE">
                            <fixLenFmt len="1" char=" " align="left"/>
                        </contentData>
                        <contentData id="AGRE_DD">
                            <fixLenFmt len="2" char=" " align="left"/>
                        </contentData>
                        <!--ver 2010/04 add by Iris-->
                        <!--中國信託保險經紀人-->
                        <contentData id="SUB_COMP1">
                            <fixLenFmt len="1" char=" " align="left"/>
                        </contentData>
                        <!--中國信託綜合證券-->
                        <contentData id="SUB_COMP2">
                            <fixLenFmt len="1" char=" " align="left"/>
                        </contentData>
                        <!--台灣彩券-->
                        <contentData id="SUB_COMP3">
                            <fixLenFmt len="1" char=" " align="left"/>
                        </contentData>
                        <!--保留-->
                        <contentData id="SUB_COMP4">
                            <fixLenFmt len="1" char=" " align="left"/>
                        </contentData>
                        <!--保留-->
                        <contentData id="SUB_COMP5">
                            <fixLenFmt len="1" char=" " align="left"/>
                        </contentData>
                        <!--保留-->
                        <contentData id="SUB_COMP6">
                            <fixLenFmt len="1" char=" " align="left"/>
                        </contentData>
                        <!--LAST_LIST_FLG,主機判斷用欄位畫面不顯示-->
                        <contentData id="LAST_LIST_FLG">
                            <fixLenFmt len="1" char=" " align="left"/>
                        </contentData>
                        <!--UNDER_AGE,主機判斷用欄位畫面不顯示-->
                        <contentData id="UNDER_AGE">
                            <fixLenFmt len="1" char=" " align="left"/>
                        </contentData>
                        <!--推廣員,ver 2011/05 add by Iris Tsai-->
                        <contentData id="PROMOTER_ID">
                            <fixLenFmt len="5" char=" " align="left"/>
                        </contentData>
                        <!--暫停房貸電話行銷,ver 2011/09 add by Iris Tsai-->
                        <contentData id="BUI_AGREE_FLG">
                            <fixLenFmt len="1" char=" " align="left"/>
                        </contentData>
                        <!--暫停房貸電話行銷天數,ver 2011/11 add by 何淑玉-->
                        <contentData id="BUI_STOP_DAYS">
                            <fixLenFmt len="3" char="0" align="right"/>
                        </contentData>
                        <!--暫停房貸電話行銷止日,ver 2011/11 add by 何淑玉-->
                        <contentData id="BUI_STOP_DATE">
                            <fixLenFmt len="8" char="0" align="right"/>
                        </contentData>
                        <!--暫停信貸電話行銷,ver 2011/09 add by Iris Tsai-->
                        <contentData id="FID_AGREE_FLG">
                            <fixLenFmt len="1" char=" " align="left"/>
                        </contentData>
                        <!--暫停信貸電話行銷天數,ver 2011/11 add by 何淑玉-->
                        <contentData id="FID_STOP_DAYS">
                            <fixLenFmt len="3" char="0" align="right"/>
                        </contentData>
                        <!--暫停信貸電話行銷止日,ver 2011/11 add by 何淑玉-->
                        <contentData id="FID_STOP_DATE">
                            <fixLenFmt len="8" char="0" align="right"/>
                        </contentData>
                        <!--暫停保險電話行銷,ver 2011/09 add by Iris Tsai-->
                        <contentData id="INS_AGREE_FLG">
                            <fixLenFmt len="1" char=" " align="left"/>
                        </contentData>
                        <!--暫停保險電話行銷天數,ver 2011/11 add by 何淑玉-->
                        <contentData id="INS_STOP_DAYS">
                            <fixLenFmt len="3" char="0" align="right"/>
                        </contentData>
                        <!--暫停保險電話行銷止日,ver 2011/11 add by 何淑玉-->
                        <contentData id="INS_STOP_DATE">
                            <fixLenFmt len="8" char="0" align="right"/>
                        </contentData>
                        <!--個人資料運用告知同意書-備註,ver10110, add by May-->
                        <contentData id="MEMO">
                            <fixLenFmt len="44" char=" " align="left"/>
                        </contentData>
                        <!--RC10206, RQ-2012-015067-012, 到期日期-->
                        <contentData id="MATURITY_DATE">
                            <fixLenFmt len="8" char=" " align="left"/>
                        </contentData>
                        <!--RC10206, KYC分類-->
                        <contentData id="KYC_TYPE">
                            <fixLenFmt len="1" char=" " align="left"/>
                        </contentData>
                        <!--RC10401, 客戶分類-->
                        <contentData id="HEDGE_TYPE">
                            <fixLenFmt len="1" char=" " align="left"/>
                        </contentData>
                        <!--新台幣資產總額，單位：仟元,ver10503, add by Darren Yu-->
                        <contentData id="TOTAL_ASSET_AMT">
                            <fixLenFmt len="10" char="0" align="right"/>
                        </contentData>
						<!--增補擔保品約款同意書, add by Allie Ho-->
		    			<contentData id="SUBCONT_FLAG">
							<fixLenFmt len="1" char=" " align="left"/>
		   				</contentData>
						<!--48書類本人任職期間註記-->
					    <contentData id="DU48_JOB_FLAG">
							<fixLenFmt len="1" char=" " align="left"/>
					    </contentData>
						<!--48書類信用卡有效期間註記-->
					    <contentData id="DU48_CARD_FLAG">
							<fixLenFmt len="1" char=" " align="left"/>
					    </contentData>
						<!--48書類圈存帳號-->
				        <contentData id="DU48_ACCT_NO">
							<fixLenFmt len="16" char=" " align="left"/>
			            </contentData>
                    </singleCut>
                </condition>
                
                <condition varId="OUTPUT_CODE" type="OC" value="default"/>
                <condition varId="OUTPUT_CODE" type="!=" value="03">
                    <singleCut>
                        <contentData id="outputCode">
                            <fixLenFmt len="2" char=" " align="left"/>
                        </contentData>
                        <contentData id="MSG">
                            <fixLenFmt len="981" char=" " align="left"/>
                        </contentData>
                    </singleCut>
                </condition>
            </line>
        </application>
    </body>
</hostgateway>
