<?xml version="1.0" encoding="UTF-8"?>
<hostgateway>
	<header>
		<action type="transaction" />
		<data id="sessionId" value="" />
		<data id="applicationId" value="default" />
		<data id="luType" value="LU62" />
		<data id="transactionId" value="067102" />
	</header>
	<body>
		<data id="CIF_NO" value="" />
		<data id="CUST_NAME" value="" />
		<data id="REG_CMPY_NO" value="" />
		<data id="NAME_01" value="" />
		<data id="TITLE_CODE_01" value="" />
		<data id="TITLE_DESC_01" value="" />
		<data id="NAME_02" value="" />
		<data id="TITLE_CODE_02" value="" />
		<data id="TITLE_DESC_03" value="" />
		<data id="TRAD_LIC_NO" value="" />
		<data id="REG_BIS_NO" value="" />
		<data id="CUST_ID_NO" value="" />
		<data id="ID_TYPE" value="" />
		<data id="RESP_CUST_ID" value="" />
		<data id="RESP_ID_TYPE" value="" />
		<data id="RESP_NAME" value="" />
		<data id="MAIL_IND" value="" />
		<data id="INCOME_AMT" value="" />
		<data id="FINANC_GOODS_1" value="" />
		<data id="FINANC_GOODS_2" value="" />
		<data id="FINANC_GOODS_3" value="" />
		<data id="FINANC_GOODS_4" value="" />
		<data id="FINANC_GOODS_5" value="" />
		<data id="FINANC_GOODS_6" value="" />
		<data id="FINANC_GOODS_7" value="" />
		<data id="FINANC_GOODS_8" value="" />
		<data id="FINANC_GOODS_9" value="" />
		<data id="FINANC_GOODS_10" value="" />
		<data id="FINANC_GOODS_11" value="" />
		<data id="FINANC_GOODS_12" value="" />
		<data id="FINANC_GOODS_13" value="" />
		<data id="FINANC_GOODS_14" value="" />
		<data id="FINANC_GOODS_15" value="" />
		<data id="FINANC_GOODS_16" value="" />
		<data id="FINANC_GOODS_17" value="" />
		<data id="FINANC_GOODS_18" value="" />
		<data id="FINANC_GOODS_19" value="" />
		<data id="FINANC_GOODS_20" value="" />
		<data id="FINANC_GOODS_21" value="" />
		<data id="FINANC_GOODS_22" value="" />
		<data id="FINANC_GOODS_23" value="" />
		<data id="FINANC_GOODS_24" value="" />
		<data id="FINANC_GOODS_25" value="" />
		<data id="FINANC_GOODS_26" value="" />
		<data id="FINANC_GOODS_27" value="" />
		<data id="FINANC_GOODS_28" value="" />
		<data id="FINANC_GOODS_29" value="" />
		<data id="FINANC_GOODS_30" value="" />
		<data id="FINANC_GOODS_31" value="" />
		<data id="FINANC_GOODS_32" value="" />
		<data id="BILL_TYPE" value="" />
		<data id="BILL_CYCLE" value="" />
		<data id="BILL_DATE" value="" />
		<data id="LOAN_NOTIFY_TYPE" value="" />
		<data id="SBU_BILL_DT" value="" />
		<data id="HEAD_OFFICE" value="" />
		<data id="BANKSLIP_NONMAIL" value="" />
		<data id="WDMS_ID" value="" />
		<data id="OPEN_AIM" value="" />
		<data id="WAIVE_ADJ_CNT" value="" />
		<data id="PROM_CODE" value="" />
		<data id="SET_STATUS" value="" />
		<data id="SET_STATUS_DATE" value="" />
		<data id="COMPLX_STRUCT_FLAG" value="" />
		<data id="NON_REGISTER_FLAG" value="" />
		<data id="SWIFT_CODE" value="" />
		<data id="SME_CORP_FLAG" value="" />
		<data id="SET_PURPOSE" value="" />
		<data id="AML_PRI_BUS_NATION" value="" />
		<data id="AML_BUS_NATION_RISK" value="" />
		<data id="AML_BUS_NATION_RISK_1" value="" />
		<data id="AML_BUS_NATION_RISK_2" value="" />
		<data id="AML_BUS_NATION_RISK_3" value="" />
		<data id="AML_BUS_NATION_RISK_4" value="" />
		<data id="AML_BUS_NATION_RISK_5" value="" />
		<data id="AML_OVERS_FOR" value="" />
		<data id="AML_OVERS_FOR_NATION" value="" />
	</body>
</hostgateway>
              
              
              
              
              
              
              
              
              
              
              
              
              