<?xml version="1.0" encoding="UTF-8"?>
<hostgateway>
	<header>
		<action type="transaction" />
		<data id="sessionId" value="" />
		<data id="applicationId" value="default" />
		<data id="luType" value="LU62" />
		<data id="transactionId" value="067108" />
	</header>
	<body>
		<data id="ID" value="" />
		<data id="NAME" value="" />
		<data id="BIRTH_DATE" value="" />
		<data id="KIND_A" value="" />
		<data id="KIND_B" value="" />
		<data id="KIND_C" value="" />
		<data id="DOCU_STATUS" value="" />
		<data id="INFORM_DT" value="" />
		<data id="RECEIVE_DT" value="" />
		<data id="RECALCITRANT_DT" value="" />
		<data id="DOCU_BRCH" value="" />
		<data id="FATCA_TELLER" value="" />
		<data id="FATCA_DOCU" value="" />
		<data id="FATCA_DOCU_KIND" value="" />
		<data id="FATCA_IDENTITY" value="" />
		<data id="TAX_NO" value="" />
		<data id="NAME1" value="" />
		<data id="STREET1" value="" />
		<data id="STREET2" value="" />
		<data id="CITY" value="" />
		<data id="STATE" value="" />
		<data id="COUNTRY" value="" />
		<data id="POSTCODE" value="" />
		<data id="GIIN" value="" />
		<data id="EIN" value="" />
		<data id="RECALCITRANT_TYPE" value="" />
		<data id="FATCA_SOURCE" value="" />
		<data id="CUST_NO" value="" />
		<data id="SOURC_ETYPE" value="" />
		<data id="W_TYPE" value="" />
		<data id="EXEMPTION_CODE" value="" />
		<data id="ACTION_CODE" value="" />
		<data id="TAX_NO_NONUSA" value="" />
		<data id="TAX_NO_COUNTRY" value="" />
		<data id="CRS_DOCU_TYPE" value="" />
		<data id="CRS_RECEIVE_DT" value="" />
		<data id="CRS_DOCU_BRCH" value="" />
		<data id="CRS_DOCU_TELLER" value="" />
		<data id="TAX_RESIDENT" value="" />
		<data id="COUNTRY1" value="" />
		<data id="TIN1" value="" />
		<data id="NO_TIN_REASON1" value="" />
		<data id="ID_TYPE1" value="" />
		<data id="COUNTRY2" value="" />
		<data id="TIN2" value="" />
		<data id="NO_TIN_REASON2" value="" />
		<data id="ID_TYPE2" value="" />
		<data id="COUNTRY3" value="" />
		<data id="TIN3" value="" />
		<data id="NO_TIN_REASON3" value="" />
		<data id="ID_TYPE3" value="" />
		<data id="COUNTRY4" value="" />
		<data id="TIN4" value="" />
		<data id="NO_TIN_REASON4" value="" />
		<data id="ID_TYPE4" value="" />
		<data id="COUNTRY5" value="" />
		<data id="TIN5" value="" />
		<data id="NO_TIN_REASON5" value="" />
		<data id="ID_TYPE5" value="" />
		<data id="CRS_SOURCE" value="" />
		<data id="MANAGE_DT" value="" />
		<data id="MANAGE_DOCU_BRCH" value="" />
		<data id="MANAGE_DOCU_TELLER" value="" />
		<data id="ABAND_DOCU" value="" />
		<data id="BIRTH_COUNTRY" value="" />
		<data id="BIRTH_CITY" value="" />
		<data id="COMM_ADD1" value="" />
		<data id="COMM_ADD2" value="" />
		<data id="COMM_ADD3" value="" />
		<data id="COMM_ADD4" value="" />
		<data id="COMM_ADD5" value="" />
		<data id="COMM_POSTCODE" value="" />
		<data id="ENTITY_TYPE" value="" />
		<data id="IDEN_CONTROLLER" value="" />
		<data id="PCMS_FLAG" value="" />
	</body>
</hostgateway>
              
              
              
              
              
              
              
              
              
              
              
              
              