<?xml version="1.0" encoding="UTF-8"?>
<hostgateway>
	<header>
		<action type="transaction" />
		<data id="sessionId" value="" />
		<data id="applicationId" value="default" />
		<data id="luType" value="LU62" />
		<data id="transactionId" value="067108" />
	</header>
	<body>
		<data id="OPTION" value="" />
		<data id="CUST_ID_NO" value="" />
		<data id="ID_TYPE" value="" />
		<data id="DOCU_TYPE" value="" />
		<data id="AGRE_YEAR" value="" />
		<data id="AGRE_MONTH" value="" />
		<data id="NAME" value="" />
		<data id="PROMO_CODE" value="" />
		<data id="REC_BRCH" value="" />
		<data id="REC_UID" value="" />
		<data id="REC_DATE" value="" />
		<data id="CUST_NO" value="" />
		<data id="SIGNDATE" value="" />
		<data id="BASIC_AGREE" value="" />
		<data id="OTHER_AGREE" value="" />
		<data id="AGRE_DD" value="" />
		<data id="SUB_COMP1" value="" />
		<data id="SUB_COMP2" value="" />
		<data id="SUB_COMP3" value="" />
		<data id="SUB_COMP4" value="" />
		<data id="SUB_COMP5" value="" />
		<data id="SUB_COMP6" value="" />
		<data id="LAST_LIST_FLG" value="" />
		<data id="UNDER_AGE" value="" />
		<data id="PROMOTER_ID" value="" />
		<data id="BUI_AGREE_FLG" value="" />
		<data id="BUI_STOP_DAYS" value="" />
		<data id="BUI_STOP_DATE" value="" />
		<data id="FID_AGREE_FLG" value="" />
		<data id="FID_STOP_DAYS" value="" />
		<data id="FID_STOP_DATE" value="" />
		<data id="INS_AGREE_FLG" value="" />
		<data id="INS_STOP_DAYS" value="" />
		<data id="INS_STOP_DATE" value="" />
		<data id="MEMO" value="" />
		<data id="MATURITY_DATE" value="" />
		<data id="KYC_TYPE" value="" />
		<data id="HEDGE_TYPE" value="" />
		<data id="TOTAL_ASSET_AMT" value="" />
		<data id="SUBCONT_FLAG" value="" />
		<data id="DU48_JOB_FLAG" value="" />
		<data id="DU48_CARD_FLAG" value="" />
		<data id="DU48_ACCT_NO" value="" />
	</body>
</hostgateway>
              
              
              
              
              
              
              
              
              
              
              
              
              