<?xml version="1.0" encoding="UTF-8"?>
<hostgateway>
	<header>
		<action type="transaction" />
		<data id="sessionId" value="" />
		<data id="applicationId" value="default" />
		<data id="luType" value="LU62" />
		<data id="transactionId" value="067005" />
	</header>
	<body>
		<data id="CIF_NO" value="" />
		<data id="CUST_ID_NO" value="" />
		<data id="CUST_ID_TYP" value="" />
		<data id="CUSTOMER_NAME" value="" />
		<data id="DAYTEL_NO" value="" />
		<data id="DAYTEL_TXT" value="" />
		<data id="DAYTEL_ERR_DATE" value="" />
		<data id="NIGTEL_NO" value="" />
		<data id="NIGTEL_EXT" value="" />
		<data id="NIGTEL_ERR_DATE" value="" />
		<data id="MOBIL_NO" value="" />
		<data id="MOBIL_NO_EXT" value="" />
		<data id="MOBIL_ERR_DATE" value="" />
		<data id="POST_CODE" value="" />
		<data id="ADDR_ERR_DATE" value="" />
		<data id="COMM_ADDR1" value="" />
		<data id="COMM_ADDR2" value="" />
		<data id="COMM_ADDR3" value="" />
		<data id="COMM_ADDR4" value="" />
		<data id="ZIP_CODE" value="" />
		<data id="ERR_DAT" value="" />
		<data id="CUST_ADD1" value="" />
		<data id="CUST_ADD2" value="" />
		<data id="CUST_ADD3" value="" />
		<data id="CUST_ADD4" value="" />
		<data id="EMAIL_ERR_DATE" value="" />
		<data id="EMAIL_ADDR" value="" />
		<data id="PAGER_NO" value="" />
		<data id="PAGER_NO_EXT" value="" />
		<data id="PAGER_ERR_DATE" value="" />
		<data id="OTHER_PERSON" value="" />
		<data id="MAIL_IND" value="" />
		<data id="FILLER6" value="" />
		<data id="DAYTEL_UPD_STS" value="" />
		<data id="NIGTEL_UPD_STS" value="" />
		<data id="MOBIL_UPD_STS" value="" />
		<data id="COMM_ADDR_UPD_STS" value="" />
		<data id="CUST_ADDR_UPD_STS" value="" />
		<data id="EMAIL_UPD_STS" value="" />
		<data id="PAGER_UPD_STS" value="" />
		<data id="REGTEL_NO" value="" />
		<data id="REGTEL_NO_EXT" value="" />
		<data id="REGTEL_UPD_STS" value="" />
		<data id="REGTEL_UPD_DATE" value="" />
		<data id="FUND_CIF" value="" />
		<data id="CONFIRM_DATA_DATE" value="" />
		<data id="CONF_FLAG" value="" />
		<data id="DATE_OF_BIRTH" value="" />
		<data id="BILL_TYPE" value="" />
		<data id="ID_UPD_STS" value="" />
		<data id="ID_UPD_DATE" value="" />
		<data id="CUSTOMER_TYPE" value="" />
		<data id="FUND" value="" />
		<data id="AUDIO_CODE" value="" />
		<data id="VIP_DEGREE" value="" />
		<data id="SEGMENT_CODE" value="" />
		<data id="UCODE" value="" />
		<data id="COMM_NAT_CODE" value="" />
		<data id="REG_NAT_CODE" value="" />
		<data id="AML_REGISTRATION_NATION" value="" />
	</body>
</hostgateway>
              
              
              
              
              
              
              
              
              
              
              
              
              