<?xml version="1.0" encoding="UTF-8"?>
<hostgateway>
	<header>
		<upLoadHeaderTemplete value="defaultHeader" />
		<downLoadHeaderTemplete value="defaultHeader" />
		<hostDloadMsgMapping value="" />
	</header>
	<body>
		<application id="default">
			<contentData id="CUST_NO">
				<fixLenFmt len="17" char="0" align="right" />
			</contentData>
			<contentData id="OPTN">
				<fixLenFmt len="1" char=" " align="left" />
			</contentData>
			<contentData id="CUST_ID_NO">
				<fixLenFmt len="14" char=" " align="left" />
			</contentData>
			<contentData id="ID_TYPE">
				<fixLenFmt len="2" char=" " align="left" />
			</contentData>
		</application>
	</body>
</hostgateway>
