﻿<?xml version="1.0" encoding="UTF-8"?>
<hostgateway>
	<header>
		<upLoadHeaderTemplete value="defaultHeader" />
		<downLoadHeaderTemplete value="defaultHeader" />
		<hostDloadMsgMapping value="tx067102d.xml" />
	</header>
	<body>
		<application id="default">
			<contentData id="CIF_NO">
				<fixLenFmt len="17" char="0" align="right" />
			</contentData>
			<contentData id="CUST_NAME">
				<fixLenFmt len="60" char=" " align="left" />
			</contentData>
			<contentData id="REG_CMPY_NO">
				<fixLenFmt len="20" char=" " align="left" />
			</contentData>
			<contentData id="NAME_01">
				<fixLenFmt len="40" char=" " align="left" />
			</contentData>
			<contentData id="TITLE_CODE_01">
				<fixLenFmt len="2" char="0" align="right" />
			</contentData>
			<contentData id="TITLE_DESC_01">
				<fixLenFmt len="30" char=" " align="left" />
			</contentData>
			<contentData id="NAME_02">
				<fixLenFmt len="40" char=" " align="left" />
			</contentData>
			<contentData id="TITLE_CODE_02">
				<fixLenFmt len="2" char="0" align="right" />
			</contentData>
			<contentData id="TITLE_DESC_03">
				<fixLenFmt len="30" char=" " align="left" />
			</contentData>
			<contentData id="TRAD_LIC_NO">
				<fixLenFmt len="10" char=" " align="left" />
			</contentData>
			<contentData id="REG_BIS_NO">
				<fixLenFmt len="20" char=" " align="left" />
			</contentData>
			<contentData id="CUST_ID_NO">
				<fixLenFmt len="14" char=" " align="left" />
			</contentData>
			<contentData id="ID_TYPE">
				<fixLenFmt len="2" char=" " align="left" />
			</contentData>
			<contentData id="RESP_CUST_ID">
				<fixLenFmt len="14" char=" " align="left" />
			</contentData>
			<contentData id="RESP_ID_TYPE">
				<fixLenFmt len="2" char=" " align="left" />
			</contentData>
			<contentData id="RESP_NAME">
				<fixLenFmt len="40" char=" " align="left" />
			</contentData>
			<contentData id="MAIL_IND">
				<fixLenFmt len="1" char=" " align="left" />
			</contentData>
			<contentData id="INCOME_AMT">
				<fixLenFmt len="11" char="0" align="right" />
			</contentData>
			<!--投資經驗與知識欄位(無)    -->
			<contentData id="FINANC_GOODS_1">
				<fixLenFmt len="1" char=" " align="left" />
			</contentData>
			<!--投資經驗與知識欄位(基金)    -->			
			<contentData id="FINANC_GOODS_2">
				<fixLenFmt len="1" char=" " align="left" />
			</contentData>
			<!--投資經驗與知識欄位(保險)    -->			
			<contentData id="FINANC_GOODS_3">
				<fixLenFmt len="1" char=" " align="left" />
			</contentData>
			<!--投資經驗與知識欄位(定存)    -->			
			<contentData id="FINANC_GOODS_4">
				<fixLenFmt len="1" char=" " align="left" />
			</contentData>
			<!--投資經驗與知識欄位(外幣)    -->
			<contentData id="FINANC_GOODS_5">
				<fixLenFmt len="1" char=" " align="left" />
			</contentData>
			<!--投資經驗與知識欄位(信託)    -->
			<contentData id="FINANC_GOODS_6">
				<fixLenFmt len="1" char=" " align="left" />
			</contentData>
			<!--投資經驗與知識欄位(貸款)    -->
			<contentData id="FINANC_GOODS_7">
				<fixLenFmt len="1" char=" " align="left" />
			</contentData>
			<!--投資經驗與知識欄位(信用卡)    -->
			<contentData id="FINANC_GOODS_8">
				<fixLenFmt len="1" char=" " align="left" />
			</contentData>
			<!--投資經驗與知識欄位(股票/期貨)    -->
			<contentData id="FINANC_GOODS_9">
				<fixLenFmt len="1" char=" " align="left" />
			</contentData>
			<!--投資經驗與知識欄位(連動債)    -->
			<contentData id="FINANC_GOODS_10">
				<fixLenFmt len="1" char=" " align="left" />
			</contentData>
			<!--投資經驗與知識欄位(房地產)    -->
			<contentData id="FINANC_GOODS_11">
				<fixLenFmt len="1" char=" " align="left" />
			</contentData>
			<!--投資經驗與知識欄位(海外投資)    -->
			<contentData id="FINANC_GOODS_12">
				<fixLenFmt len="1" char=" " align="left" />
			</contentData>
			<!--投資經驗與知識欄位(房貸)    -->
			<contentData id="FINANC_GOODS_13">
				<fixLenFmt len="1" char=" " align="left" />
			</contentData>
			<!--投資經驗與知識欄位(信貸)    -->
			<contentData id="FINANC_GOODS_14">
				<fixLenFmt len="1" char=" " align="left" />
			</contentData>
			<!--投資經驗與知識欄位(現金卡)    -->
			<contentData id="FINANC_GOODS_15">
				<fixLenFmt len="1" char=" " align="left" />
			</contentData>
			<!--投資經驗與知識欄位(企業貸款)    -->
			<contentData id="FINANC_GOODS_16">
				<fixLenFmt len="1" char=" " align="left" />
			</contentData>
			<!--投資經驗與知識欄位(其他)    -->
			<contentData id="FINANC_GOODS_17">
				<fixLenFmt len="1" char=" " align="left" />
			</contentData>
			<contentData id="FINANC_GOODS_18">
				<fixLenFmt len="1" char=" " align="left" />
			</contentData>
			<contentData id="FINANC_GOODS_19">
				<fixLenFmt len="1" char=" " align="left" />
			</contentData>
			<contentData id="FINANC_GOODS_20">
				<fixLenFmt len="1" char=" " align="left" />
			</contentData>
			<contentData id="FINANC_GOODS_21">
				<fixLenFmt len="1" char=" " align="left" />
			</contentData>
			<contentData id="FINANC_GOODS_22">
				<fixLenFmt len="1" char=" " align="left" />
			</contentData>
			<contentData id="FINANC_GOODS_23">
				<fixLenFmt len="1" char=" " align="left" />
			</contentData>
			<contentData id="FINANC_GOODS_24">
				<fixLenFmt len="1" char=" " align="left" />
			</contentData>
			<contentData id="FINANC_GOODS_25">
				<fixLenFmt len="1" char=" " align="left" />
			</contentData>
			<contentData id="FINANC_GOODS_26">
				<fixLenFmt len="1" char=" " align="left" />
			</contentData>
			<contentData id="FINANC_GOODS_27">
				<fixLenFmt len="1" char=" " align="left" />
			</contentData>
			<contentData id="FINANC_GOODS_28">
				<fixLenFmt len="1" char=" " align="left" />
			</contentData>
			<contentData id="FINANC_GOODS_29">
				<fixLenFmt len="1" char=" " align="left" />
			</contentData>
			<contentData id="FINANC_GOODS_30">
				<fixLenFmt len="1" char=" " align="left" />
			</contentData>
			<contentData id="FINANC_GOODS_31">
				<fixLenFmt len="1" char=" " align="left" />
			</contentData>
			<contentData id="FINANC_GOODS_32">
				<fixLenFmt len="1" char=" " align="left" />
			</contentData>
			<contentData id ="BILL_TYPE">
				<fixLenFmt len="1" char=" " align="left" />
			</contentData>		   
			<contentData id ="BILL_CYCLE">
				<fixLenFmt len="2" char="0" align="right" />
			</contentData>		  
			<contentData id ="BILL_DATE">
				<fixLenFmt len="8" char="0" align="right" />
			</contentData>
			<contentData id ="LOAN_NOTIFY_TYPE">
				<fixLenFmt len="1" char=" " align="left" />
			</contentData>
			<contentData id ="SBU_BILL_DT">
				<fixLenFmt len="8" char="0" align="right" />
			</contentData>
			<!-- 總行統編 -->
			<contentData id ="HEAD_OFFICE">
				<fixLenFmt len="14" char=" " align="left" />
			</contentData>		
			<!-- 水單不寄送flag -->
			<contentData id ="BANKSLIP_NONMAIL">
				<fixLenFmt len="1" char=" " align="left" />
			</contentData>
			<contentData id ="WDMS_ID">
				<fixLenFmt len="14" char=" " align="left" />
			</contentData>
			<!-- 開戶目的,RC_104.01_總xx_AML專案, add by March -->
			<contentData id ="OPEN_AIM">
				<fixLenFmt len="1" char=" " align="left" />
			</contentData>
			<!-- SB跨轉調整次數,RC_104.04.00, add by Iris Tsai -->
			<contentData id ="WAIVE_ADJ_CNT">
				<fixLenFmt len="2" char=" " align="left" />
			</contentData>
			<!-- PROMO-CODE,RC_104.12.00, add by Darren Yu -->
			<contentData id ="PROM_CODE">
				<fixLenFmt len="2" char=" " align="left" />
			</contentData>
			<!-- 設立狀態,RC_104.12.00, add by Darren Yu -->
			<contentData id ="SET_STATUS">
				<fixLenFmt len="1" char=" " align="left" />
			</contentData>
			<!-- 設立狀態資料年月,RC_104.12.00, add by Darren Yu -->
			<contentData id ="SET_STATUS_DATE">
				<fixLenFmt len="8" char="0" align="right" />
			</contentData>
			<!-- 複雜股權結構(註記),RC_105.01.00, add by Darren Yu -->
			<contentData id ="COMPLX_STRUCT_FLAG">
				<fixLenFmt len="1" char=" " align="left" />
			</contentData>
			<!-- 無記名股份公司(註記),RC_105.01.00, add by Darren Yu -->
			<contentData id ="NON_REGISTER_FLAG">
				<fixLenFmt len="1" char=" " align="left" />
			</contentData>
			<!-- 銀行總行swift-code,RC_105.01.00, add by Darren Yu -->
			<contentData id ="SWIFT_CODE">
				<fixLenFmt len="14" char=" " align="left" />
			</contentData>	
			<!-- 法人中小企業註記, add by AllieHo -->
            <contentData id="SME_CORP_FLAG">
                <fixLenFmt len="1" char=" " align="left"/>
            </contentData>
			<!-- RQ-2017-017286-003 OBU法人設立目的, add by SimonTsai -->
            <contentData id="SET_PURPOSE">
                <fixLenFmt len="1" char=" " align="left"/>
            </contentData>
			<!-- 主要之營業處所國別, add by DukeTsai -->
           	<contentData id="AML_PRI_BUS_NATION">
                <fixLenFmt len="2" char=" " align="left"/>
            </contentData>
			<!-- 海外營業處所, add by DukeTsai -->
            <contentData id="AML_BUS_NATION_RISK">
            	<fixLenFmt len="1" char=" " align="left"/>
            </contentData>
			<!-- 營業處所位於高風險/制裁國別 1, add by DukeTsai -->
            <contentData id="AML_BUS_NATION_RISK_1">
             	<fixLenFmt len="2" char=" " align="left"/>
            </contentData>	
			<!-- 營業處所位於高風險/制裁國別 2, add by DukeTsai -->
            <contentData id="AML_BUS_NATION_RISK_2">
                <fixLenFmt len="2" char=" " align="left"/>
            </contentData>
			<!-- 營業處所位於高風險/制裁國別 3, add by DukeTsai -->
            <contentData id="AML_BUS_NATION_RISK_3">
                <fixLenFmt len="2" char=" " align="left"/>
            </contentData>
			<!-- 營業處所位於高風險/制裁國別 4, add by DukeTsai -->
           	<contentData id="AML_BUS_NATION_RISK_4">
               	<fixLenFmt len="2" char=" " align="left"/>
            </contentData>		
			<!-- 營業處所位於高風險/制裁國別 5, add by DukeTsai -->
            <contentData id="AML_BUS_NATION_RISK_5">
               	<fixLenFmt len="2" char=" " align="left"/>
            </contentData>
			<!-- 僑外資/外商(Y/N), add by DukeTsai -->
            <contentData id="AML_OVERS_FOR">
                <fixLenFmt len="1" char=" " align="left"/>
            </contentData>
			<!-- 僑外資/外商之母公司註冊地國別, add by DukeTsai -->
            <contentData id="AML_OVERS_FOR_NATION">
                <fixLenFmt len="2" char=" " align="left"/>
            </contentData>							
		</application>
	</body>
</hostgateway>
